<?xml version="1.0" encoding="UTF-8"?>
<addon id="plugin.video.tplus" version="0.0.2" name="Tube+" provider-name="tony2nite">
    <requires>
        <import addon="xbmc.python" version="1.0"/>
        <import addon="script.module.urlresolver" version="0.0.1"/>
        <import addon="script.module.t0mm0.common" version="0.0.1"/>
    </requires>
    <extension point="xbmc.python.pluginsource" library="default.py">
        <provides>video</provides>
    </extension>
    <extension point="xbmc.addon.metadata">
        <summary>Browse TUBE+</summary>
        <description>Browse media content from tubeplus.me</description>
        <platform>all</platform>
    </extension>
</addon>

